COD ARONOVA;NOMBRE ARONOVA;Pictogramas
MM23000;2 METOXY 3 METIL PIRAZINA;
MT83800;2,3,5-TRIMETHYL PYRAZINE;
ME27400;2-ETHYL-3,5,6-DIMETHYLPYRAZINE;
MM45000;5-METIL FURFURAL;
MC07425;AC. CAPRICO CAPRILICO (MIGLYOL 812);
MA28500;ACETAL;
MA28501;ACETAL 10%DPG;
MA02401;ACETANISOL 10% DPG;
MA02400;ACETANISOLE;
MA28600;ACETATO DE AMILO;inflamable
MA28602;ACETATO DE AMILO 1%DPG;
MA28601;ACETATO DE AMILO 10%DPG;
MA37400;ACETATO DE ANISILO;cutaneo
MB17600;ACETATO DE BENCILO;
MB17601;ACETATO DE BENCILO 10 % DPG;
MC16900;ACETATO DE CEDRILO;cutaneo, ambiental
MC83000;ACETATO DE CICLO HEXIL ETILO;
MC26000;ACETATO DE CINAMILO;
MC26001;ACETATO DE CINAMILO 10% DPG;
MH31000;ACETATO DE CIS-3-HEXENILO;inflamable
MH31001;ACETATO DE CIS-3-HEXENILO 10%DPG;
MC36200;ACETATO DE CITRONELILO;cutaneo, ambiental
MC36201;ACETATO DE CITRONELLILO 10 % DPG;
MD21145;ACETATO DE DIHIDROTERPENILO;ambiental
MD42400;ACETATO DE DIMETIL BENCIL CARBINOL;cutaneo
MD42401;ACETATO DE DMBC 10% DPG;
MD42402;ACETATO DE DMBC 50% DPG;
MS63000;ACETATO DE ESTIRALILO;
MS63001;ACETATO DE ESTIRALILO 10%;
ME82500;ACETATO DE EUGENILO;cutaneo
ME82501;ACETATO DE EUGENILO 10% DPG;
MF05000;ACETATO DE FENCHILO;
MF05001;ACETATO DE FENCHILO 10 % DPG;
MP28600;ACETATO DE FENILETILO;
MP28602;ACETATO DE FENILETILO 1%DPG;
MP28601;ACETATO DE FENILETILO 10%DPG;
MG10400;ACETATO DE GERANILO;
MG10401;ACETATO DE GERANILO 10% DPG;
MG10402;ACETATO DE GERANILO 50% DPG;
MG57100;ACETATO DE GUAYILO;cutaneo, ambiental
MH37000;ACETATO DE HEXILO;inflamable
MM51501;ACETATO DE HEXILO 10%DPG;
MI35000;ACETATO DE ISOBORNILO;
MI35001;ACETATO DE ISOBORNILO 10%DPG;
MI36400;ACETATO DE ISOBUTILO;inflamable
MI36401;ACETATO DE ISOBUTILO 10 %;
MI48400;ACETATO DE ISOEUGENOL;cutaneo
MI50200;ACETATO DE ISONONILO;ambiental
ML54000;ACETATO DE LINALILO;cutaneo
ML54001;ACETATO DE LINALILO  10%DPG;
MN22000;ACETATO DE NERILO;cutaneo
MN22002;ACETATO DE NERILO 1% DPG;
MN22001;ACETATO DE NERILO 10% DPG;
MN85000;ACETATO DE NOPILO;cutaneo, ambiental
MO25000;ACETATO DE OCTILO;
MP61450;ACETATO DE PA;
MP61451;ACETATO DE PA 10% DPG;
MP65400;ACETATO DE PRENILO;inflamable
MP65401;ACETATO DE PRENILO 10% DPG;
MT09300;ACETATO DE TERPENILO;ambiental
MT09301;ACETATO DE TERPENILO 10%DPG;
MV49000;ACETATO DE VERDILO;
MB58600;ACETATO PTBCHA (P.TERT-BUTILCICLOHEXILO);cutaneo, ambiental
MM67200;ACETIL 2 PIRAZYNA;
MM67202;ACETIL 2 PIRAZYNA 1% DPG;
MM67201;ACETIL 2 PIRAZYNA 10% DPG;
ME11000;ACETIL ACETATO DE ETILO;
ME11001;ACETIL ACETATO DE ETILO 10%DPG;
MA02301;ACETOFEN.ONA 10 % DPG;
MA06000;ACETOFENONA;cutaneo, respiratorio
MA05305;ACETOINA (ACETIL METIL CARBINOL);cutaneo, respiratorio
MA05306;ACETOINA (ACETIL METIL CARBINOL) 10% DPG;
MB11990;ACIDO BENZOICO;
MB11991;ACIDO BENZOICO 10% DPG;
MB73421;ACIDO BUTIRICO 10% DPG;
MP22000;ACIDO FENIL ACETICO;
ML10500;ACIDO LAURICO;
MT84600;ADOXAL;cutaneo,ambiental
MT84601;ADOXAL (ALDEHIDO TMU) 10%DPG;
MA11000;AGUA;
MC04710;ALCANFOR;inflamable, corrosion, cutaneo, respiratorio, ambiental
MC04711;ALCANFOR EN POLVO 10%DPG;
MA28900;ALCOHOL AMILICO;
MA28901;ALCOHOL AMILICO 10 % DPG;
MB18400;ALCOHOL BENCILICO;cutaneo
MA12400;ALCOHOL C-06;inflamable, cutaneo
MA12401;ALCOHOL C-06 10% DPG;
MO27000;ALCOHOL C-08;
MO27002;ALCOHOL C-08 1 % DPG;
MA12801;ALCOHOL C10;
MC24400;ALCOHOL CINAMICO;cutaneo, ambiental
MC24401;ALCOHOL CINAMICO 10%DPG;
MF06500;ALCOHOL FENCHILICO;
MF06501;ALCOHOL FENCHILICO 10 % DPG;
MP29001;ALCOHOL FENIL ETILICO 10 %;
MP44201;ALCOHOL FENIL PROPILICO 10% DPG;
MF91000;ALCOHOL FENILACETICO;
MP29000;ALCOHOL FENILETILICO;cutaneo
MP44200;ALCOHOL FENILPROPILICO;corrosivo
MA13100;ALCOHOL LAURICO (C-12);
MA30500;ALDEHIDO AMIL CINAMICO;cutaneo, ambiental
MA36900;ALDEHIDO ANISICO;respiratorio
MA36902;ALDEHIDO ANISICO 1 % DPG;
MA36901;ALDEHIDO ANISICO 10 % DPG;
MA13600;ALDEHIDO C-08 (OCTANAL);inflamable, cutaneo
MA13602;ALDEHIDO C-08 1% DPG;
MA13601;ALDEHIDO C-08 10%DPG;
MA13500;ALDEHIDO C-09 (NONANAL);
MA13501;ALDEHIDO C-09 10%DPG;
MA13800;ALDEHIDO C-10 (DECANAL);cutaneo
MA13802;ALDEHIDO C-10 1%DPG;
MA13801;ALDEHIDO C-10 10%DPG;
MA14001;ALDEHIDO C-11 MOA 10% DPG;
MA14200;ALDEHIDO C-11 UNDECILENICO;cutaneo, ambiental
MA14201;ALDEHIDO C-11 UNDECILENICO 10% DPG;
MA14100;ALDEHIDO C-11 UNDECILICO;
MA14102;ALDEHIDO C-11 UNDECILICO 1% DPG;
MA14101;ALDEHIDO C-11 UNDECILICO 10% DPG;
MA14000;ALDEHIDO C-11 UNDECILICO MOA;inflamable, cutaneo, ambiental
MA14500;ALDEHIDO C-12 LAURICO;cutaneo, ambiental
MA14501;ALDEHIDO C-12 LAURICO 10% DPG;
MA14600;ALDEHIDO C-12 MNA;cutaneo, ambiental
MA14602;ALDEHIDO C-12 MNA 1% DPG;
MA14601;ALDEHIDO C-12 MNA 10% DPG;
MA14800;ALDEHIDO C-14;
MA14802;ALDEHIDO C-14 1%DPG;
MA14801;ALDEHIDO C-14 10% DPG;
MA14803;ALDEHIDO C-14 50% DPG;
MA15100;ALDEHIDO C-16;cutaneo, ambiental
MA15101;ALDEHIDO C-16 10% DPG;
MA15300;ALDEHIDO C-18;
MA15301;ALDEHIDO C-18 10% DPG;
MB19000;ALDEHIDO C-19 (BUTIRATO DE;cutaneo
MB19001;ALDEHIDO C-19 10%DPG;
MA13200;ALDEHIDO C-6;
MA13201;ALDEHIDO C-6 10%DPG;
MC71500;ALDEHIDO CICLAMEN;cutaneo, respiratorio
MC71501;ALDEHIDO CICLAMEN 10% DPG;
MC24800;ALDEHIDO CINAMICO;cutaneo
MC24801;ALDEHIDO CINAMICO 10%DPG;
MC24802;ALDEHIDO CINAMICO 10%FTA;
MC61000;ALDEHIDO CUMINICO;
MC61002;ALDEHIDO CUMINICO 1%DPG;
MC61001;ALDEHIDO CUMINICO 10%DPG;
MP20400;ALDEHIDO FENILACETICO;
MP20401;ALDEHIDO FENILACETICO 10%DPG;
MH39200;ALDEHIDO HEXIL CINAMICO;cutaneo, ambiental
MI03010;ALDEHIDO INTRELEVEN;inflamable, cutaneo, ambiental
MI03011;ALDEHIDO INTRELEVEN 10%DPG;
MI65000;ALDEHIDO ISO VALERICO;
MM05301;ALDEHIDO MANDARINA 10% CIT AL 10%DPG;
MM05300;ALDEHIDO MANDARINA 10% CITRATO DE ETILO;
MM84200;ALDEHIDO MYRAC (MYRALDEI;cutaneo, ambiental
MM84201;ALDEHIDO MYRAC 10% DPG;
MT60200;ALDEHIDO PARATUOLENICO;
MV11500;ALDEHIDO VALERICO;
MV39000;ALDEHIDO VERATICO;
MA16500;ALLYL AMIL GLICOLATE;
MA16501;ALLYL AMIL GLICOLATE 10% DPG;
MA22500;ALMENDRA PURA;
MM82800;ALMIZCLE AMBRETA;
MM83000;ALMIZCLE KETONA;
MM83001;ALMIZCLE KETONA 10%DEP;
MB59000;AMBER CORE;
MB59001;AMBER CORE 10%DPG;
MA23100;AMBER XTREME IFF;
MA23101;AMBER XTREME IFF 10%DPG;
MA23080;AMBERKETAL IPM;
MA23300;AMBRAROME;
MA23301;AMBRAROME  10%  DPG;
MA24000;AMBRETOLIDE;
MA24001;AMBRETOLIDE 10%DPG;
MD87500;AMBROX DL;
MD87501;AMBROX DL 10%DPG;
MD87550;AMBROXAN;
MA33800;AMYRIS OIL;
MA33801;AMYRIS OIL 10%DPG;
MA34102;ANETHOL 21/22;
MA34202;ANETHOL 21/22 1% DPG;
MA34201;ANETHOL 21/22 10% DPG;
MP33500;ANTHER;
MD38802;ANTRANILATO DE  DI METILO 1% DPG;
MD38803;ANTRANILATO DE  DI METILO 10% DPG;
MD38800;ANTRANILATO DE DIMETILO;
MD38801;ANTRANILATO DE DIMETILO 10%DPG;
MM27800;ANTRANILATO DE METILO;cutaneo
MM27802;ANTRANILATO DE METILO 1 % DPG;
MM27801;ANTRANILATO DE METILO 10% DPG;
MA39000;APHERMATE;
MA39001;APHERMATE 10% DPG;
MA41200;ARTEMISIA AC. ES. (ARMOISE);
MA42500;AURANTIOL;
MA42501;AURANTIOL 50% DPG (AURAL 50);
MB00500;BACDANOL;cutaneo, ambiental
MB00501;BACDANOL 10%DPG;
MB02400;BALSAM() DEL PERU (RESINOIDE);
MB01000;BALSAMO COPAII3A;cutaneo, respiratorio
MG89990;BALSAMO GURJUM;
MB08801;BASE ALDBZ 10%DPG;
MB08803;BASE ALDBZ 50 10% DPG;
MB08802;BASE ALDEHIDO BENZOICO 1 % DPG;
MBO8804;BASE ALDEHIDO BENZOICO 29% + 71 ALD P TO;
MB19210;BASE P BLUE WONDE 026 NEW;
MC89990;BASE TFIIL;
MC89991;BASE TFIIL 10%DPG;
MB20200;BASILICO AC.ES.;
MB20201;BASILICO AC.ES. 10%DPG;
MJ60000;BAYAS DE ENEBRO;
MJ60001;BAYAS DE ENEBRO 10%DPG;
MB18000;BENCILACETONA (4-PHENYL E;
MB22000;BENCILIDEN ACETONA;
MB22010;BENCILIDEN ACETONA 10 % DPG;
MB18600;BENZOATO DE BENCILO;
MH31400;BENZOATO DE CIS-3-HEXENIL;
MH31401;BENZOATO DE CIS-3-HEXENIL 10%DPG;
MM28300;BENZOATO DE METILO;
MM283010;BENZOATO DE METILO 1%DPG;
MM28301;BENZOATO DE METILO 10%DPG;
MB14200;BENZOFENONA;
MB14201;BENZOFENONA 10% DPG;
MB28800;BERGAMOTA ITALIANA 4329003;
MB34550;BOISAMBRENE FORTE;
MB35300;BORNEOL;
MB35301;BORNEOL CRISTALES 10% DPG;
MB37850;BOURGEONAL;
MB37851;BOURGEONAL 10% DPG;
ME28400;BRASILATO DE ETILENO;
ME28402;BRASILATO DE ETILENO 1%DPG;
ME28401;BRASILATO DE ETILENO 10%DPG;
ME20702;BUT1RATO DE ETILO 1 % DPG;
MA29500;BUTIRATO DE AMILO;
MA29501;BUTIRATO DE AMILO 10%DPG;
ME20700;BUTIRATO DE ETILO;
ME20701;BUTIRATO DE ETILO 10%DPG;
MG13400;BUTIRATO DE GERANILO;
MH40800;BUTIRATO DE HEXILO;
MH140801;BUTIRATO DE HEXILO 10 % DPG;
MD42900;BUTIRATO DMBC;
MD42901;BUTIRATO DMBC 10% DPG;
MC00300;CADE AC. ES.;
MC00302;CADE AC. ES. 1%DPG;
MC00301;CADE AC. ES. 10%DPG;
MW10010;CALONE 161;
MW10012;CALONE 161  1%  DPG;
MW10011;CALONE 161  10%  DPG;
MC05000;CANANGA OIL;
MC25590;CANELA CORTEZA AC. ES.;
MC25591;CANELA CORTEZA AC.ES. 10% DPG;
MC25600;CANELA DE HOJAS AC.ES.;
MC25601;CANELA DE HOJAS AC.ES. 10%DPG;
MC03300;CANFENO;
MA38600;CANTHOXAL;
MA38601;CANTIIOXAL 10%DPG;
MC94000;CAP 150;
ME23000;CAPRILATO DE ETILO;
ME23001;CAPRILATO DE ETILO 10%DPG;
MA17100;CAPROATO DE ALILO;
MA17101;CAPROATO DE ALILO 10% DPG;
ME22400;CAPROATO DE ETILO;
ME22401;CAPROATO DE ETILO 10%DPG;
MH38600;CAPROATO DE HEXILO;
MH38601;CAPROATO DE HEXILO 10 % DPG;
MM81900;CARBINOL MUGUET;
MM81903;CARBINOL MUGUET 1%DPG;
MM81902;CARBINOL MUGUET 10% DPG;
MM81901;CARBINOL MUGUET 10% FTALATO;
MC09800;CARBITOL;
MC10101;CARDAMOM O AC ES 10 % DPG;
MC10100;CARDAMOM° AC. ES.;
MC14450;CASHMERAN;
MC14451;CASHMERAN 10% DPG;
MC14700;CASSIS BASE 345B;
MC14701;CASSIS BASE 345B 10% DPG;
MC14900;CASTOREUM FIRBEST;
MC15100;CASTOREUM SYNTHETIC;
MC17100;CEDRAMBER;
MC16020;CEDRO CHINO;
MC16012;CEDRO DE PALO VIRGINIA 50% DPG;
MC15700;CEDRO HOJAS AC.ES.;
MC16010;CEDRO PALO VIRGINIA;
MC16000;CEDRO TEXAS;
MC16800;CEDROL;
MC16801;CEDROL 10% DPG;
MC16700;CEDROL CRESTALES;
MC16875;CEDROXIDE (922470);
MC17500;CELERY SEED OIL;
MC58000;CELESTOLIDE;
MD87510;CETALOX (922560);
MV32510;CHOCOVAN  GIV;
MV32511;CHOCOVAN  GIV  10%DPG;
MC75500;CICLOGALBANATE;
MC75501;CICLOGALBANATE 10% DPG;
MA18200;CICLOHEXIL PROPIONATO DE ALILO;
MA18201;CICLOHEXIL PROPIONATO DE ALILO 10 % DPG;
MC85500;CICLOPENTADECANONE (MUSK15);
MB19800;CINAMATO DE BENCILO;
ME24200;CINAMATO DE ETILO;
ME24201;CINAMATO DE ETILO 10%DPG;
MM34400;CINAMATO DE METILO;
MM34402;CINAMATO DE METILO 1% DPG;
MM34401;CINAMATO DE METILO 10% DPG;
MC86990;CIPRES ACES.;
MJ39000;CIS JASMONE;
MJ39002;CIS JASMONE 1% DPG;
MJ39001;CIS JASMONE 10% DPG;
MH28400;CIS-3-HEXENOL;
MH284010;CIS-3-HEXENOL 10%DPG;
MC29200;CITRAL 95;
MC29201;CITRAL 95% 10% DPG;
MC30200;CITRAL DIMETHYLACETAL;
MT72401;CITROFLEX;
MC32500;CITRONELLA AC. ES.;
MC31310;CITRONELLAL;
MC31312;CITRONELLAL 1% DPG;
MC31311;CITRONELLAL 10% DPG;
MC39400;CITRONELLIL NITRILE;
MC39401;CITRONELLIL NITRILE 10% DPG;
MC33702;CITRONELLOL AJ;
MC41410;CIVETTE SINTETICA;
MC41411;CIVETTE SINTETICA 10% DPG;
MC43000;CLAVO RECTIFICADO AC. ES. (HOJAS);
MD88300;CLONAL;
MC62000;COMINO SEMILLAS AC.ES.;
MC62001;COMINO SEMILLAS AC.ES. 10% DPG;
MP11000;CONIFERAN (IFF);
MC47820;CORANOL (928130);
MC47821;CORANOL (928130) 10%DPG;
MC48000;CORIANDRO AC.ES.;
MC48001;CORIANDRO AC.ES. 10%DPG;
MC47830;CREMOPHOR RH-40;
MC49800;CUMARINA;
MC49801;CUMARINA 10% DPG;
MC49805;CUMARINA 10% FTALATO;
MT68500;CYCLABUTE;
MC65300;CYCLEMONE;
MD43900;CYCLOVERTAL;
MD43901;CYCLOVERTAL 10%DPG;
MC93000;CYMEL 385;
MD00202;DAMASCENONE  1%  DPG;
MD00201;DAMASCENONE  10%  DPG;
MD00203;DAMASCENONE  10%  FTA;
MD00200;DAMASCENONE (937450);
MD00300;DAMASCONA ALFA (937470);
MD00302;DAMASCONA ALFA 1% DPG;
MD00301;DAMASCONA ALFA 10% DPG;
MD00303;DAMASCONA ALFA 10% FTA;
MD00400;DAMASCONA BETA (939692);
MD00402;DAMASCONA BETA 1% DPG;
MD00401;DAMASCONA BETA 10% DPG;
MD00405;DAMASCONA DELTA (9878560;
MD00406;DAMASCONA DELTA 10% DPG;
MD01000;DECALACTONA DELTA;
MD010010;DECALACTONA DELTA 10% DPG;
ME21800;DECANOATO DE ETILO;
MC10300;DELTA 3 CARENE;
MD87900;DELTA DODECALACTONA;
MD87901;DELTA DODECALACTONA 10% DPG;
MD06410;DIACETILO;
MD06411;DIACETILO 10% DPG;
MD81000;DIFENILOXIDO;
MD81002;DIFENILOXIDO 1% DPG;
MD81001;DIFENILOXIDO 10% DPG;
MD19500;DIHIDRO BETA IONONA;
MD19501;DIHIDRO BETA IONONA 1% DPG;
MB11200;DIHIDROCUMARINA;
MB11201;DIHIDROCUMARINA  10%DPG;
MD20015;DIHIDROLINALOOL;
MD20300;DIHIDROMIRCENOL;cutaneo
MD20301;DIHIDROMIRCENOL 10%DPG;
MC28800;DILUYENTE A;
MD48300;DIMETHYL HIDROQUINONA;
MD48301;DIMETHYL HIDROQUINONA 1%DPG;
MD42000;DIMETIL BENCIL CARBINOL;
MD42001;DIMETIL BENCIL CARBINOL 10% DPG;
MD54500;DIMETIL OCTANOL;
MD54501;DIMETIL OCTANOL 10%DPG;
MD71000;DIMETIL SULFIDE;
MD63500;DIMETILFENIL ETIL CARBINOL;
MD74400;DIMETOL;
MD442601;DINASCONE 10  10%DPG  (939750);
MD44260;DINASCONE 10 (939750);
MD75600;DIPENTENO;inflamable, cutaneo, ambiental
MD83500;DIPROPILENGLICOL;
MD57900;DODECALACTONA DELTA;
MD57901;DODECALACTONA DELTA 10%DPG;
MD91030;DOREMOX FIRM  939668;
MM74600;EBANOL;
ME02200;ELEMI OIL;
ME02201;ELEMI OIL 10%DPG;
MA22505;ESCENCIA DE ALMENDRAS;
MA22506;ESCENCIA DE ALMENDRAS 10%DPG;
MA22507;ESCENCIA DE ALMENDRAS 20%DPG;
MB03800;ESTRAGOL;
MB03802;ESTRAGOL 1% DPG;
MB03801;ESTRAGOL 10% DPG;
MH16400;ETHYL HEPTANOATE;
ME45800;ETIL LINALOL;
ME47800;ETIL MALTOL (VELTOL PLUS);
ME67500;ETIL SAFRANATE;
ME67501;ETIL SAFRANATE 10%DPG;
ME75200;ETIL VAINILLINA;
ME75203;ETIL VAINILLINA 1 % DPG;
ME75201;ETIL VAINILLINA 10 % DPG;
ME75202;ETIL VAINILLINA 10 % FTALATO;
ME25600;ETIL-2-DECADIENOATE;
ME25602;ETIL-2-DECADIENOATE 10%DPG;
ME50600;ETIL-2-METIL BUTIRATE;
ME506010;ETIL-2-METIL BUTIRATE 1% DPG;
ME50601;ETIL-2-METIL BUTIRATE 10% DPG;
ME50603;ETIL-2-METIL BUTIRATE 10% FTA;
ME47801;ETILMALTOL 10% DPG;
ML120100;ETOXILADO 70%;
ME75800;EUCALIPTOL 99%;inflamable, cutaneo
ME75801;EUCALIPTOL 99% 10% DPG;
ME76400;EUCALIPTUS 82/85 AC.ES.;
ME76000;EUCALIPTUS CITRIDIORA;
ME77210;EUGENOL USP;
ME77212;EUGENOL USP 1% DPG;
ME77211;EUGENOL USP 10% DPG;
MC85400;EXALTOLIDE TOTAL (935985);
MC85401;EXALTOLIDE TOTAL (935985) 10% DPG;
MM07200;EXTRACTO DE CALENDULA WELEDA;
MF00500;FARNESOL;
MF00501;FARNESOL 10%DPG;
MB27200;FENIL ACETATO DE BENCILO;
MM63300;FENIL ACETATO DE METILO;
ME62000;FENILACETATO DE ETILO;
ME62001;FENILACETATO DE ETILO 10%DPG;
MP36000;FENILACETATO DE FENILETILO;
MP36002;FENILACETATO DE FENILETILO 1%DPG;
MP36001;FENILACETATO DE FENILETILO 10%DPG;
MI43600;FENILACETATO DE ISOBUTILO;
MM63301;FENILACETATO DE METILO 10% DPG;
MH14500;FLEURAMONE IFF;
MD45800;FLORALOZONE;
MD45802;FLORALOZONE 1%DPG;
MD45801;FLORALOZONE 10%DPG;
MI56600;FLORHYDRAL GIV;
MI42000;FLOROL (966458);
MM50000;FOLIONE;
MM50002;FOLIONE 1% DPG;
MM50001;FOLIONE 10% DPG;
MC39000;FORMIATO DE CITRONELLILO;
MC39001;FORMIATO DE CITRONELLILO 10%DPG;
MG15400;FORMIATO DE GERANILO;
MG15401;FORMIATO DE GERANILO 10%DPG;
MF23400;FRUCTOLIDE 12060 SA;
MF23500;FRUCTONE;
MF23501;FRUCTONE 10% DPG;
MF24400;FRUITATE;
MF24401;FRUITATE 10%DPG;
MD16000;FTALATO DE DIETILO;
MH61990;FURANEOL;
MH61997;FURANEOL 15% FIR;
MF30400;FURFURAL;
MG00500;GALAXOLIDE 50;
MG00508;GALAXOLIDE 50% IPM;
MG00505;GALAXOLIDE 65% DPG;
MG00511;GALAXOLIDE PURO;
MD44261;GALBASCONA PURA 10 % DPG;
MG44260;GALBASCONE PURO;
MG02300;GALBEX 183;
MG02301;GALBEX 183 10% DPG;
MD01200;GAMMA DECALACTONA;
MO01521;GAMMA DECALACTONA 10% DPG;
MD88200;GAMMA DODECLACTONE;
MO01525;GAMMA OCTALACTONA;
MO01527;GAMMA OCTALACTONA 1% DPG;
MO01526;GAMMA OCTALACTONA 10% DPG;
MG07402;GERANIOL 80 (PERFUMERIA) REEMPLA7O X 703;
MG09300;GERANIOL FINE  FCC;
MG09301;GERANIUM AC.ES;
MG09302;GERANIUM AC.ES  10%DPG;
MO78500;HABANOLIDE (947303);
MM40200;HEDIONE;
MM40201;HEDIONE 1%DPG;
MH03200;HELIONAL;cutaneo, respiratorio, ambiental
MH03201;HELIONAL 10% DPG;
MH03502;HELIOTROPEX 1% DGP;
MH03501;HELIOTROPEX 10% DGP;
MH03500;HELIOTROPEX N IFF;cutaneo
MM83101;HELVETOLIDE (947650) 10%DPG;
MM83100;HELVETOLIDE (947650) FIRM;
MA19300;HEPTOATO DE ALILO;
MA19301;HEPTOATO DE ALILO 10% DPG;
ME35200;HEPTOATO DE ETILO;
ME35201;HEPTOATO DE ETILO 10% DPG;
MT80350;HERBAVERT  KAO;
MT80351;HERBAVERT 10%DPG;
MB69500;HERBOXANE;
MB69501;HERBOXANE 10% DPG;
MH19600;HERCOLINE D;
MA19800;HEXALON;
MA19801;HEXALON 10%DPG;
MH32600;HEXANOATO DE CIS-3 HEXENILO;
MH32601;HEXANOATO DE CIS-3 HEXENILO 10%DPG;
MH60001;HIDROXICITRONELLAL 10%DPG;
MH60000;HIDROXICITRONELLAL PERFUMERIA;
MH61000;HIDROXICITRONELLOL (HIDROXIOL);
MI01750;INDOFLOR CRISTALES;
MI01751;INDOFLOR CRISTALES 10% DPG;
MI01800;INDOL;
MI01802;INDOL 1%DPG;
MI01801;INDOL 10%DPG;
MI01803;INDOL 10%FTA;
MI02400;INDOLENE. AMYRIS;
MI04500;IONONA ALFA;
MI04501;IONONA ALFA 10% DPG;
MI05100;IONONA BETA;
MI05101;IONONA BETA 10% DPG;
MI05102;IONONA BETA I% DPG;
MM52505;IRALIA 949827;
MI10001;IRONE ALFA (ORRIS FIR);
MI10002;IRONE ALFA 10% DPG;
MI44501;ISO BUTIL OUINOLEINA (40%) 10%DPG;
MI44500;ISO BUTIL OUINOLEINA 40% DPG (SYMRISE);
MH33600;ISO BUTIRATO DE CIS-3-HEXENILO;
MH33601;ISO BUTIRATO DE CIS-3-HEXENILO  10%  DPG;
MV32500;ISO BUTIRATO DE VAINILLINA;
MP33800;ISO BUTIRATO FENILETILO;
MP33801;ISO BUTIRATO FENILETILO 10 % DPG;
MI46600;ISO CICLO CITRAL;
MI46601;ISO CICLO CITRAL 10%DPG;
MI46650;ISO CICLO GERANIOL IFF;
MI47500;ISO E SUPER;
MI47800;ISO EUGENOL;
MI47802;ISO EUGENOL 1%DPG;
MI47801;ISO EUGENOL 10%DPG;
MI58000;ISO PROPILQUINOLEINA;
ME43400;ISO VALERIANATO DE ETILO;
ME43401;ISO VALERIANATO DE ETILO 10%DPG;
MI10250;ISOAMBRETTOLIDE;
MM80100;ISOPAR L;
MJ11000;JASMONIL (JESSEMAL);
MJ11001;JASMONIL (JESSEMAL) 10% DPG;
MJ22000;JAZMIN ABS;
MJ22001;JAZMIN ABS. 10%DPG;
MG23000;JENGIBRE AC. ES.;
MD44200;KARANAL;
MK20000;KEPHALIS;
MK20001;KEPHALIS 10%DPG;
MA07380;KOAVONE IFF;
MA07381;KOAVONE IFF 10% DPG;
MB54600;LACTATO DE BUTIL BUTIRILO;
MB54601;LACTATO DE BUTIL BUTIRILO 10%DPG;
ME44401;LACTATO DE ETILO;
ML14490;LAVANDA MONT BLANC;
ML14550;LAVANDIN ABRIALIS;
ML14500;LAVANDIN GROSSO AC. ES.;
ML28000;LEMONILE;
MC12901;LEVO CARBONA 10%DPG;
MC12900;LEVO CARVONA;
MH34700;LIFFAROME;
MH34701;LIFFAROME 10% DPG;
ML39500;LILIAL;
MM27804;LILIANTOL (VERDANTIOL);
MM278040;LILIANTOL (VERDANTIOL) 10% DPG;
ML40500;LIMA AC. ES.;
ML42000;LIMA DESTILADA AC.ES.;
ML43010;LIMA MEXICANA AC. ES.;
ML29005;LIMON CALIFORNIA AC. ES.;inflamable, cutaneo, respiratorio, ambiental
ML51500;LINALOL;
ML51501;LINALOL 10 % DPG;
ML53000;LINALOL OXIDO;
ML53001;LINALOL OXIDO 10% DPG;
MM27805;LYRAL;
MT13750;MAGNOLAN (H&R);
MT13751;MAGNOLAN 10%DPG;
MD50470;MAJANTOL (DRA);
MD50471;MAJANTOL (DRA) 10%DPG;
MD15400;MALONATO DE DIETILO;
ME15500;MALONATO DE ETILO;
MM04000;MALTOL;
MM04002;MALTOL 10% FTALATO;
MM04001;MALTOL 10%DPG;
MM05800;MANDARINA  BITTER;
MM05408;MANDARINA  ROJA;
MM05409;MANDARINA  ROJA 10%DPG;
MM05400;"MANDARINA VERDE ITALIANA """;
MM05250;MANDARINAL BASE (32048 SAE);
MM052501;MANDARINAL BASE (32048 SAE) 10%DPG;
MM10800;MANGONE (IFF) , THIOMENTONE;
MM10802;MANGONE 1%DPG;
MM10801;MANGONE 10%DPG;
MM55800;MANZANATE;
MM55801;MANZANATE 10%DPG;
MM55802;MANZANATE 10%FTA;
MC18432;MANZANILLA AC.ES.(INGLESA O ROMANA);
MC18431;MANZANILLA AC.ES.(INGLESA O ROMANA) 10%D;
MM43000;MAYOL (957230);cutaneo
MM43001;MAYOL (957230) 10%DPG;
MM08800;MELONAL;
MM08801;MELONAL 10%DPG;
MM08802;MELONAL 10%FTA;
MP14050;MENTA DEMENTOLADA;
MP14051;MENTA DEMENTOLADA 10%DPG;
MP13700;MENTA PIPERITA 10% DPG;
MP13702;MENTA PIPERITA AC. ES.;
MS43500;MENTA SPEARMINT AC. ES.;
MS43501;MENTA SPEARMINT AC. ES. 10% DPG;
MM12501;MENTOL CRISTAL 10% DPG;
MM12500;MENTOL CRISTAL BP/USP;
MM13703;MENTONA;cutaneo
MM13701;MENTONA 10 % DPG;
MM37800;METHYL CYCLOPENTENOLONE;
MM37801;METHYL CYCLOPENTENOLONE 10%DPG;
MM26450;METIL ACETOFENONA;
MM26501;METIL ACETOFENONA 10%DPG;
MM26502;METIL ACETOFENONA 10%FTA;
MM49450;METIL HEPTENONA;
MM49451;METIL HEPTENONA 10% DPG;
MM51600;METIL HEXIL CETONA;
MM51601;METIL HEXIL CETONA 10%DPG;
MM51602;METIL HEXIL CETONA 10%FTA;
MM52701;METIL IONONA GAMMA 10 % DPG;
MM52700;METIL IONONA GAMMA A;
MM53500;METIL ISO EUGENOL;
MM53501;METIL ISO EUGENOL 10% DPG;
MM57002;METIL NAFTIL KETONE;
MM57001;METIL NAFTIL KETONE 10% DPG;
MM59600;METIL NONIL KETONE;
MM59601;METIL NONIL KETONE 10% DPG;
MP01330;METIL PAMPLEMOUSSE;
MP01331;METIL PAMPLEMOUSSE 10% DPG;
MC52800;METIL PARA CRESOL;
MC52802;METIL PARA CRESOL 1% DPG;
MC52801;METIL PARA CRESOL 10%DPG;
MC52803;METIL PARA CRESOL 10%FTA;
ME52120;METIL-2- PENTOATO DE ETILO;
ME52121;METIL-2- PENTOATO DE ETILO 10%DPG;
MM79400;MIMOSA ABS;
MI55900;MIRISTATO DE ISO PROPILO;
MM87200;MIRTO AC.ES FIRM 118801;
MM00590;MUGUET BASE;
MM82300;MUSCENONE DELTA (962191);
MM82301;MUSCENONE DELTA (962191) 10%DPG;
MM37700;MUSCONE;
MM83600;MUSK XILLOL REEMPLAZO;
MN07000;NAFTALENO;
MN07001;NAFTALENO 10% DPG;
TN1464D0;NARANJA 50% TERPENOS NARANJA 50%;
MO52000;NARANJA AC. ES.;inflamable, cutaneo, respiratorio, ambiental
MO52002;NARANJA AC. ES. (PERFUMERIA);
MO52001;NARANJA AC. ES. DECOLORADA;
MO63125;NARANJA DULCE AC. ES.;inflamable, cutaneo, respiratorio, ambiental
MH47910;NECTAROL;
MH47912;NECTAROL 1% ACETATO FENILETILO;
MH47913;NECTAROL 1%DPG;
MH47911;NECTAROL 10%DPG;
MN14001;NEROL;
MO53510;NEROLI;
MN15000;NEROLIDOL;
MN17000;NEROLINA BROMELIA;cutaneo
MN17001;NEROLINA BROMELIA 10%DPG;
MY20000;NEROLINA YARA YARA;
MY20001;NEROLINA YARA-YARA 10%DPG;
MN43000;NONADIENAL;
MN43002;NONADIENAL (AL) TRANS 2 CIS 6 1% DPG;
MN70000;NONENOL CIS-6;
MN70002;NONENOL CIS-6 1% DPG;
MN70001;NONENOL CIS-6 10% DPG;
MN88000;NONILFENOL ETOXILADO 10 MOLES OE;
MN87000;NUEZ MOSCADA AC. ES.;
MN87001;NUEZ MOSCADA AC. ES. 10% DPG;
MM60600;OCTIN CARBONATO DE METILO;
MM60601;OCTIN CARBONATO DE METILO 10%DPG;
MO70100;OREGANO AC. ES.;
MA31100;ORIVONE;
MA31101;ORIVONE 10% DPG;
MD50430;OSYROL;
MD50431;OSYROL 10%DPG;
MM66977;OXANE (969380);
MM66972;OXANE 1°/o DPG;
MM66971;OXANE 10%DPG;
MR33502;OXIDO DE ROSAS 1% DPG;
MR33505;OXIDO DE ROSAS 90/10;
MR33506;OXIDO DE ROSAS 90/10 10 % DPG;
MR33511;OXIDO DE ROSAS 90/10 SINT;
MR33500;OXIDO DE ROSAS R;
MR33501;OXIDO DE ROSAS R 10%DPG;
MO82000;OXYOCTALINE FORMIATE;
MG57000;PALO SANTO (GUAYACO);
MG57001;PALO SANTO (GUAYACO) AC. ES. 10% DPG;
MC86800;PARA CYMENE;
MI54501;PATCHONE 10% DPG;
MI54500;PATCHONE IFF;
MP03600;PATCHOULI AC. ES.;
MP03601;PATCHOULI AC. ES. 10 % DPG;
MP03603;PATCHOULI DECOLORADO;
MP03605;PATCHOULI M.D.;
MP03604;PATCHOULI OIL LIGHT;
MC85320;PEONILE;
MP43440;PERANAT  KAO;
MP43441;PERANAT  KAO 10% DPG;
MP15800;PETITGRAIN PARAGUAYO AC. ES.;
MP15801;PETITGRAIN PARAGUAYO AC. ES. 10%DPG;
MP19400;PHENIRAT (ISOBUT. FENOXIE);
MP19401;PHENIRAT 10% DPG;
MM64100;PHENYLHEXANOL (973080);
MB34600;PHYSEOL;
MB34601;PHYSEOL 10%DPG;
MI49600;PICONIA IFF;
MP14300;PIMIENTA NEGRA AC. ES.;
MP14301;PIMIENTANEGRA 10% DPG;
MP52600;PINENE ALFA;
MP53450;PINENE BETA;
MP54400;PINO AC. ES (EX ACEITE DE PINO);inflamable, cutaneo, respiratorio, ambiental
MP54402;PINO AGUJA AC.ES.;
MP57400;PIPERONYL ACETONE (DULCINYL RECRISTALIZA;
MP57401;PIPERONYL ACETONE (DULCINYL RECRISTALIZA;
MP59200;PLICATONE (974482);
MS04500;PLINOL;
MP59301;PLINOL 10% DPG;
MS08501;POLYSANTOL  10%DPG (974656);
MS08500;POLYSANTOL (974656);
MG51505;POMELO BLANCO AC. ES.;
MG51507;POMELO BLANCO AC. ES. 10%DPG;
MG51506;POMELO ROSADO AC.ES.;
MP65300;PRECYCLEMONE B;
MP65301;PRECYCLEMONE B 10%DPG;
MP75400;PROPILENGLICOL;
MB27600;PROPIONATO DE BENCILO;
MB27601;PROPIONATO DE BENCILO 10% DPG;
MC40000;PROPIONATO DE CITRONELLILO;
ME65400;PROPIONATO DE ETILO;
ML63500;PROPIONATO DE LINALILO;
MV50000;PROPIONATO DE VERDILO;
MP86450;PRUNELLA (975617);
MP86451;PRUNELLA 10% DPG;
MC33560;PurroRAIN CITRONIER OIL;
MR14500;RASPBERRY KETONE (OXYPHENYLON);
MR14501;RASPBERRY KETONE (OXYPHENYLON) 10% DPG;
MR14502;RASPBERRY KETONE (OXYPHENYLON) 10% FTA;
MR10000;RED BERRIES CO2 EXT FIRM;
MR15000;RESEDA BODY 976960;
MB13300;RESINOIDE BENJUI;
MB13302;RESINOIDE BENJUI 1% DPG;
MB13301;RESINOIDE BENJUI 10% DPG;
MG01000;RESINOIDE GALBANUM;
MG01001;RESINOIDE GALBANUM 10%DPG;
MG01002;RESINOIDE GALBANUM 20%DPG;
MG01700;RESINOIDE GALBANUM SINTETICO;
MR00161;RESINOIDE INCIEN SO 10% DPG;
MR00160;RESINOIDE INCIENSO;
ML01500;RESINOIDE LABDANUM;
ML01501;RESINOIDE LABDANUM 1O%DPG;
ML01505;RESINOIDE LABDANUM 50%;
MM01611;RESINOIDE MOUSSE DE CHENNE  10% DPG;
MM01615;RESINOIDE MOUSSE DE CHENNE 50% DPG;
MM01510;RESINOIDE MOUSSE DE CND,;
MR16000;RESORCINA USP;
MR16001;RESORCINA USP 30%AGUA;
MR24875;RHUBOFLOR;
MR31000;ROMERO AC.ES.;
MR28001;ROSA ABS FIRMENICII 119290 10 % DPG;
MR32010;ROSA WARDIA;
MR32011;ROSA WARDIA  10%  DPG;
MT67500;ROSACETOL;
MT67501;ROSACETOL 10% DPG;
MD03200;ROSALVA;
MD03201;ROSALVA 10%DPG;
MR01711;RUHRAFO DE HEXILO 10% DPG;
MO39500;SALICILATO DE 2 ETIL 1-IEX1L0;
MO39501;SALICILATO DE 2 ETIL 1-IEX1L0 10%DPG;
MA33100;SALICILATO DE AMILO;
MA33101;SALICILATO DE AMILO 10%DPG;
MB27800;SALICILATO DE BENCILO;
MB27801;SALICILATO DE BENCILO 10%DPG;
MC85150;SALICILATO DE CICLO HEXILO;
MH35600;SALICILATO DE CIS-3-HEXENILO;
MH35601;SALICILATO DE CIS-3-HEXENILO 10%DPG;
ME67550;SALICILATO DE ETILO;
ME67552;SALICILATO DE ETILO 1% DPG;
ME67551;SALICILATO DE ETILO 10% DPG;
MH44000;SALICILATO DE HEXILO;
MH44001;SALICILATO DE HEXILO 10% DPG;
MI32500;SALICILATO DE ISOAMILO;
MM68400;SALICILATO DE METILO;
MM68402;SALICILATO DE METILO 1%DPG;
MM68401;SALICILATO DE METILO 10%DPG;
MS04503;SALVIA ESCLAREA AE;
MS04504;SALVIA ESCLAREA AE 1%DPG;
MS06650;SANDAL CICLOPROPANO;
MS07401;SANDALO INDIA AC.ES. 10%DPG;
MS07000;SANDALORE;
MS07500;SANDALWOOD (77125B);
MS07501;SANDALWOOD (77125B) 10%DPG;
MS08000;SANDELA;
MS08001;SANDELA 85/15 MIP;
MS08101;SANDENOL (SUSTITUTO SANDELA);
MM20502;SCENTENAL 1% DPG;
MM20501;SCENTENAL 10% DPG;
MM20505;SCENTENAL FIRMEN;
MM49170;STEMONE;
MM49171;STEMONE 10 % DPG;
MS73000;STYRAX;
MS73001;STYRAX  10%DPG;
MS83000;SUEDERAL LT;
MS83001;SUEDERAL LT  10%DPG;
MS86000;SULFUROL;
MS86001;SULFUROL 10%DPG;
MS92000;SYM CAP;
MT00300;TAGETTE AC. ES.;
MT00301;TAGETTE AC. ES. 10% DPG;
MT88000;TAMARINE BASE 41310G;
MT00801;TAMARINE BASE 41310G 10% DPG;
MT00800;TAMARINE BASE 41310G I 0%DPG;
MT05250;TENOX BHT;
ME76810;TERPENOS DE EUCALIPTUS;
ML44005;TERPENOS DE LIMA;
ML33000;TERPENOS DE LIMON;inflamable, cutaneo, respiratorio, ambiental
MM05600;TERPENOS DE MANDARINA;
MO67000;TERPENOS DE NARANJA;inflamable, cutaneo, respiratorio, ambiental
MT06300;TERPINENE GAMMA;
MT07500;TERPINEOL USP;
MT07501;TERPINEOL USP  10%DPG;
MT09001;TERPINOLENE RECTIFICADO (TERPINOLENE 20);
MT17500;TETRAHYDROLINALOOL;
MT17900;TETRAHYDROMIRCENOL;
MT18000;TETRALOL (TETRAHYDROMU(;
MT51500;THYMOL CRISTALES;
MT51501;THYMOL CRISTALES 10% DPG;
MH36000;TIGLATO DE CIS-3-HEXENILO;
MH44400;TIGLATO DE HEXILO;
MT80400;TIMBEROL;
MT21100;TOBACAROL;
MT50600;TOMILLO BLANCO AC. ES.;
MT50601;TOMILLO BLANCO AC. ES. 1O%DPG;
MF15500;TONALIDE CHINO;
MT63200;TONKA BEAN ABS;
MD89500;TRANS-2-DODECENAL;
MD89501;TRANS-2-DODECENAL 10%DPG;
MH26000;TRANS-2-HEXENAL;
MH26001;TRANS-2-HEXENAL 10%DPG;
MT86605;TREMENTINA;
MT65001;TRIACETINA;
MM74000;TRIMOFIX (AMBRAZONE);
MM74001;TRIMOFIX (AMBRAZONE)  10%DPG;
MC71505;TRIPLAL (CICLAL C);
MC71506;TRIPLAL (CICLAL C) 10% DPG;
MT85400;TRIPLAL IFF  (CICLAL C GIV );
MT85401;TRIPLAL IFF  (CICLAL C GIV ) 10 % DPG;
MW65500;TRISAMBER;
MF90000;TTRANS-24-ffiXENAL 10%DPG;
MM74900;TUBERATO DE METILO;
MP60800;TWEEN 20;
MH68000;TYROSOL;
MM39901;UNDECAVERT01, 10% DPG;
MM39900;UNDECAVERTOL;
MB08900;UNIVERSO 25% FTALATO;
MB08800;UNIVERSO 50% DPG;
MV20500;VAINILLA ABS;
MV28000;VAINILLINA;
MV28002;VAINILLINA 10 % FTALATO;
MV28001;VAINILLINA 1O%DPG;
MI50800;VAN DOR B   IFF;
MI50802;VAN DOR B 1 % DPG;
MI50801;VAN DOR B 10 % DPG;
MP68400;VANITROPE;
MP68401;VANITROPE 10%DPG;
MT83751;VARTACETAL 10 % DPG;
MP15900;VASELINA LIQUIDA;
MT83650;VELLOUTONE  FIRM;
MT83651;VELLOUTONE 10% DPG;
MC76000;VELVIONE;
MO00100;VERAMOSS;
MO00101;VERAMOSS 10%DPG;
MB58400;VERDOX;
MB58401;VERDOX 10% DPG;
MV60000;VERNALDEHIDO;
MT83750;VERTACETAL SYMRISE;
MM33500;VERTOFIX COEUR;
MV27800;VERTOSINE (AGRUMEA) IFF;
MV27801;VERTOSINE 10%DPG;
MV78005;VETIVER BRAZIL;
MV78001;VETIVER HAITI;
MV78002;VETIVER JAVA;
MV78003;VETIVER JAVA 50%DPG;
MC13700;VETYNAL EXTRA;
MC85370;VIOLIFF;
MP21200;VIRIDINA (VERT DE LILAS);
MP21201;VIRIDINA 10% DPG;
MP21202;VIRIDINA 10% FTA;
MY35001;YLANG EXTRA AC. ES. 10%DPG;
MY35000;YLANG YLANG EXTRA AC. ES.;
ME28800;ZENOLIDE;
TL1463D0;AE LIMON %50 TERP LIMON %50;
TP0282D0;BASE PRUNELLA;
TL1460D0;LILIANTOL;
MA22505;ESENCIA DE ALMENDRAS;
